<?xml version="1.0" encoding="utf-8"?>
<feed xmlns="http://www.w3.org/2005/Atom">
    <title>Shubham Mevada</title>
    <link href="https://shubhammevada.github.io/feed.xml" rel="self" />
    <link href="https://shubhammevada.github.io" />
    <updated>2018-09-05T22:03:06+05:30</updated>
    <author>
        <name>shubham-mevada</name>
    </author>
    <id>https://shubhammevada.github.io</id>

    <entry>
        <title>Introduction</title>
        <author>
            <name>shubham-mevada</name>
        </author>
        <link href="https://shubhammevada.github.io/introduction/"/>
        <id>https://shubhammevada.github.io/introduction/</id>

        <updated>2018-09-02T17:16:36+05:30</updated>
            <summary>
                <![CDATA[
                        <img src="https://shubhammevada.github.io/media/posts/3/" alt="" />
                    Hello ! I am Shubham Mevada , a player of technology , who started playing with programing to make something useful for everyone. I started my programming journey with first 'Hello World' program in c language in 2008 , when i am in standard 8. And then i understand that programming is most powerful tool to build something better for this world. Then i started exploring more about software programming , designing , SDLC and lots more&hellip;
                ]]>
            </summary>
        <content type="html">
            <![CDATA[
                    <img src="https://shubhammevada.github.io/media/posts/3/" alt="" />
                <p>Hello ! I am <a href="https://shubhammevada.github.io/" target="_blank" rel="noopener noreferrer" title="Shubham Mevada">Shubham Mevada</a> , a player of technology , who started playing with programing to make something useful for everyone. I started my programming journey with first '<a href="https://en.wikipedia.org/wiki/%22Hello,_World!%22_program" target="_blank" rel="noopener noreferrer" title="Hello World">Hello World</a>' program in c language in 2008 , when i am in standard 8. And then i understand that programming is most powerful tool to build something better for this world. Then i started exploring more about software programming , designing , SDLC and lots more thing that can help me to build better software and things that can use by lots of people around the world. In 2011 i completed my <a href="Mechnical Engineering" title="Diploma" target="_blank" rel="noopener noreferrer">Diploma</a> in <a href="https://en.wikipedia.org/wiki/Mechanical_engineering" target="_blank" rel="noopener noreferrer" title="Mechnical Engineering ">Mechnical Engineering </a>(Know as D.M.E.) , by knowing engineering i learned to make things more perfect and right , now i know that engineering is all about perfection and quality of equality of products.</p>
<p><img class="post__image--full" src="https://shubhammevada.github.io/media/posts/3/paper-3225109_640.jpg" alt="Engineering " width="640" height="426"></p>
<p>Due to i wants to doing something great and learn more about computer programming i join <a href="https://en.wikipedia.org/wiki/Bachelor_of_Computer_Application" target="_blank" rel="noopener noreferrer" title="bechelor of computer application">bechelor of computer application</a> (Known as B.C.A.) in 2014 , in BCA i am learn about the theory of <a href="https://en.wikipedia.org/wiki/Computer_programming" target="_blank" rel="noopener noreferrer" title="Computer programming">Computer programming</a> , like structure of computer program , veriable , function , objects , class and lots more that can help me to understand more about computer programming.</p>
<p> </p>
<img class="post__image--full" src="https://shubhammevada.github.io/media/posts/3/programming-1873854_640.png" alt="Programming" width="640" height="351">
<p>On those days , when i am in second semester of bca , in village where i live and around all of my village there is no fast internet connection , even there is no 2G network in this area (Now days have 4G Connection) , so i started thinking on it and tell to my friends to develop web browser that can work without internet , but my friends tell me that this is not possible and i must know more about software programming to do this.</p>
<p><img class="post__image--full" src="https://shubhammevada.github.io/media/posts/3/android-2724826_640.jpg" alt="Android" width="640" height="224"></p>
<p>The best thing done on those days is <a href="https://en.wikipedia.org/wiki/Android_(operating_system)" title="Android">Android</a>. Android is new OS for mobile phones and developers can make apps for android phones. Then i desided to learn programming of android app development. In just few weeks i learn to write code for android apps and i created app for offline web browsing called ' <a href="https://play.google.com/store/apps/details?id=com.sdmera.sdm.steedbrowser" target="_blank" rel="noopener noreferrer" title="Steed Browser ">Steed Browser</a> ' on date 06/06/2016. On those days <a href="https://play.google.com/store/apps/details?id=com.sdmera.sdm.steedbrowser" target="_blank" rel="noopener noreferrer" title="Steed Browser ">Steed Browser</a> is the first auto offline browser that can store everything you surf online and then you can visit the pages offline. </p>
<figure class="post__image post__image--center" ><img src="https://shubhammevada.github.io/media/posts/3/steed.png" alt="First image of Steed Browser , published on date 06/06/2016" width="474" height="429">
<figcaption >First image of Steed Browser , published on date 06/06/2016</figcaption>
</figure>
<p><a href="https://play.google.com/store/apps/details?id=com.sdmera.sdm.steedbrowser" target="_blank" rel="noopener noreferrer" title="Steed Browser ">Steed Browser</a> help most of students from villages , who study in city and live in village. Students can surf for required websites when they are in city and can revisit the same information after go back to home. Know i decided to make Steed Browser available for all around the world. Thanks to <a href="https://en.wikipedia.org/wiki/Google_Play" target="_blank" rel="noopener noreferrer" title="Google Play Store">Google Play Store</a>, On 26/06/2016 i launch <a href="https://play.google.com/store/apps/details?id=com.sdmera.sdm.steedbrowser" target="_blank" rel="noopener noreferrer" title="Steed Browser ">Steed Browser</a> for everyone, all around the world with the help of Google Play Store. And in this way my journey of app development is started , i register developer name as <a href="https://play.google.com/store/apps/developer?id=sdm+Apps" target="_blank" rel="noopener noreferrer" title="sdm Apps">sdm Apps</a> (For more information visit <a href="https://sdmapps.zohosites.com/" target="_blank" rel="noopener noreferrer" title="Official website of sdm Apps">Official website of sdm Apps</a>) on Google Play Store. Today sdm Apps have 8 apps (Include apps <a href="https://play.google.com/store/apps/details?id=sdm.apps.searchit" target="_blank" rel="noopener noreferrer" title="Search It">Search It</a>, <a href="https://play.google.com/store/apps/details?id=sdm.apps.thebillionapp" target="_blank" rel="noopener noreferrer" title="The Billion App">The Billion App</a>, <a href="https://play.google.com/store/apps/details?id=sdm.apps.testnews" title="Test News">Test News</a>, <a href="https://play.google.com/store/apps/details?id=sdm.apps.simplenet" target="_blank" rel="noopener noreferrer" title="Simple Net">Simple Net</a>, <a href="https://play.google.com/store/apps/details?id=com.sdmera.sdm.steedbrowser" title="Steed Browser">Steed Browser</a>, <a href="https://play.google.com/store/apps/details?id=sdm.apps.tintap" target="_blank" rel="noopener noreferrer" title="Tintap">Tintap</a>, <a href="https://play.google.com/store/apps/details?id=com.sdmera.sdm.gatibrowser" title="Gati Browser">Gati Browser</a>, <a href="https://play.google.com/store/apps/details?id=sdm.apps.newtext" title="NewText">NewText</a>) available on Google Play  Store and 25000+ users from all around the world. </p>
<figure class="post__image post__image--center" ><img src="https://shubhammevada.github.io/media/posts/3/Screenshot-7.png" alt="" width="1334" height="654">
<figcaption >sdm Apps on Google Play Store</figcaption>
</figure>
<p>Now days to know more about programming i am join <a href="https://en.wikipedia.org/wiki/Master_of_Science_in_Information_Technology" target="_blank" rel="noopener noreferrer" title="Master of Science in Computer Application &amp; Information Technology">Master of Science in Computer Application &amp; Information Technology</a> (Known as Msc CA &amp; IT). I am always belive that to make world better we need to learn about technology and we must use technology to solve our real life problems. And that's why to connect with world i am started my personal page where i can shere my experience of computer programming with all around the world and i also can learn from more programmer and programming experts.</p>
<p> I am happy to see you here, Thank you for visiting my page. </p>
            ]]>
        </content>
    </entry>
</feed>
